Wall time,Step,Value
1524828873.845953,0,0.6120403409004211
1524829077.5851898,1,0.6123112440109253
1524829282.507046,2,0.6126497983932495
1524829498.6167,3,0.6138010621070862
1524829718.592006,4,0.6141396164894104
1524829924.720951,5,0.6152908802032471
1524830129.592771,6,0.615764856338501
1524830336.7617931,7,0.6161711812019348
1524830546.721313,8,0.6165775060653687
1524830771.301075,9,0.6166452169418335
1524830986.844051,10,0.6171192526817322
1524831184.046998,11,0.6173901557922363
1524831380.257644,12,0.6173901557922363
1524831567.848524,13,0.6177287101745605
1524831753.206455,14,0.6180673241615295
1524831938.168222,15,0.6181350350379944
1524832140.265491,16,0.6182704567909241
1524832353.40667,17,0.6185413599014282
1524832567.2837892,18,0.6185413599014282
1524832781.242752,19,0.6184736490249634
1524832995.2137642,20,0.6186090707778931
1524833209.23968,21,0.6186767816543579
1524833412.688019,22,0.6190831065177917
1524833596.647062,23,0.6191508173942566
1524833783.387525,24,0.6190831065177917
1524833970.050922,25,0.6191508173942566
1524834157.083617,26,0.6190831065177917
1524834343.982317,27,0.6190831065177917
1524834531.593477,28,0.6190831065177917
1524834719.478059,29,0.6190831065177917
1524834908.444306,30,0.6192862391471863
1524835096.528506,31,0.6192185282707214
1524835285.555358,32,0.6192185282707214
1524835474.650618,33,0.6192185282707214
1524835664.695628,34,0.6190831065177917
1524835852.462682,35,0.6190831065177917
1524836040.38372,36,0.6192862391471863
1524836228.060309,37,0.6192185282707214
1524836415.727663,38,0.619421660900116
1524836604.618881,39,0.6195571422576904
1524836792.805911,40,0.619421660900116
1524836979.497161,41,0.6195571422576904
1524837167.524747,42,0.6195571422576904
1524837354.038361,43,0.6196248531341553
1524837541.7073169,44,0.6196925640106201
1524837728.5290308,45,0.6198956966400146
1524837914.13554,46,0.6198956966400146
1524838100.092256,47,0.6198956966400146
1524838285.579206,48,0.6200311779975891
1524838470.832672,49,0.620098888874054
