Wall time,Step,Value
1524840151.3504739,0,0.6743201017379761
1524840205.420206,1,0.678554892539978
1524840257.66979,2,0.679348886013031
1524840308.7289238,3,0.6821279525756836
1524840357.189277,4,0.6856349110603333
1524840409.522918,5,0.6833189725875854
1524840460.769946,6,0.683583676815033
1524840511.048479,7,0.682988166809082
1524840562.001033,8,0.6839807033538818
1524840614.9992268,9,0.6836498379707336
1524840670.515553,10,0.6850393414497375
1524840719.5142112,11,0.685105562210083
1524840770.200772,12,0.6856349110603333
1524840825.1722932,13,0.6859657168388367
1524840875.9167209,14,0.686098039150238
1524840926.279762,15,0.6858333945274353
1524840976.3864079,16,0.686098039150238
1524841027.894934,17,0.6868259310722351
1524841078.160492,18,0.6855686902999878
1524841128.823165,19,0.6861642003059387
1524841183.6924229,20,0.6862965822219849
1524841236.477998,21,0.6878184080123901
1524841286.442236,22,0.6868259310722351
1524841337.540997,23,0.6878184080123901
1524841387.248672,24,0.6878184080123901
1524841435.717898,25,0.688215434551239
1524841485.065685,26,0.6872890591621399
1524841534.250356,27,0.6888771057128906
1524841585.831787,28,0.6888771057128906
1524841636.0724149,29,0.689538836479187
1524841690.570112,30,0.6896711587905884
1524841742.184521,31,0.6898696422576904
1524841798.595952,32,0.6900681257247925
1524841853.23018,33,0.6901343464851379
1524841907.699188,34,0.6902005076408386
1524841964.2796469,35,0.6902666687965393
1524842025.6066282,36,0.6900019645690918
1524842079.1994739,37,0.6909283399581909
1524842131.290665,38,0.6900681257247925
1524842189.551538,39,0.6903989911079407
1524842238.318798,40,0.6909283399581909
1524842286.155426,41,0.691126823425293
1524842339.208904,42,0.6904651522636414
1524842390.01834,43,0.6907298564910889
1524842439.887902,44,0.6910606622695923
1524842490.310807,45,0.690531313419342
1524842541.713193,46,0.6910606622695923
1524842593.1199832,47,0.69185471534729
1524842645.975262,48,0.6913253664970398
1524842700.323044,49,0.6906636953353882
